NUMBER,TEXT,A,B,C,D,E
1,"Does the Executive’s Budget Proposal or any supporting budget documentation present expenditures for the budget year that are classified by administrative unit (that is, by ministry, department, or agency)?","Yes, administrative units accounting for all expenditures are presented.","Yes, administrative units accounting for at least two-thirds of, but not all, expenditures are presented.","Yes, administrative units accounting for less than two-thirds of expenditures are presented.","No, expenditures are not presented by administrative unit.",Not applicable/other.
2,Does the Executive’s Budget Proposal or any supporting budget documentation present expenditures for the budget year by functional classification?,"Yes, expenditures are presented by functional classification.","No, expenditures are not presented by functional classification.",Not applicable/other.,,
3,"If the Executive’s Budget Proposal or any supporting budget documentation presents expenditures for the budget year by functional classification, is the functional classification compatible with international standards?","Yes, the functional classification is compatible with international standards.","No, the functional classification is not compatible with international standards, or expenditures are not presented by functional classification.",Not applicable/other.,,
4,Does the Executive’s Budget Proposal or any supporting budget documentation present expenditures for the budget year by economic classification?,"Yes, expenditures are presented by economic classification.","No, expenditures are not presented by economic classification.",Not applicable/other.,,
5,"If the Executive’s Budget Proposal or any supporting budget documentation presents expenditures for the budget year by economic classification, is the economic classification compatible with international standards?","Yes, the economic classification is compatible with international standards.","No, the economic classification is not compatible with international standards, or expenditures are not presented by economic classification.",Not applicable/other.,,
6,Does the Executive’s Budget Proposal or any supporting budget documentation present expenditures for individual programs for the budget year?,"Yes, programs accounting for all expenditures are presented.","Yes, programs accounting for at least two-thirds of, but not all, expenditures are presented.","Yes, programs accounting for less than two-thirds of expenditures are presented.","No, expenditures are not presented by program.",Not applicable/other.
7,"Does the Executive’s Budget Proposal or any supporting budget documentation present expenditure estimates for a multi-year period (at least two-years beyond the budget year) by any of the three expenditure classifications (by administrative, economic, or functional classification)?","Yes, multi-year expenditure estimates are presented by all three expenditure classifications (by administrative, economic, and functional classification).","Yes, multi-year expenditure estimates are presented by two of the three expenditure classifications.","Yes, multi-year expenditure estimates are presented by only one of the three expenditure classifications.","No, multi-year expenditure estimates are not presented by any expenditure classification.",Not applicable/other.
8,Does the Executive’s Budget Proposal or any supporting budget documentation present expenditure estimates for a multi-year period (at least two-years beyond the budget year) by program?,"Yes, multi-year estimates for programs accounting for all expenditures are presented.","Yes, multi-year estimates for programs accounting for at least two-thirds of, but not all, expenditures are presented.","Yes, multi-year estimates for programs accounting for less than two-thirds of expenditures are presented.","No, multi-year estimates for programs are not presented.",Not applicable/other.
9,Does the Executive’s Budget Proposal or any supporting budget documentation present the individual sources of tax revenue (such as income tax or VAT) for the budget year?,"Yes, individual sources of tax revenue accounting for all tax revenue are presented.","Yes, individual sources of tax revenue accounting for at least two-thirds of, but not all, tax revenues are presented.","Yes, individual sources of tax revenue accounting for less than two-thirds of all tax revenues are presented.","No, individual sources of tax revenue are not presented.",Not applicable/other.
10,"Does the Executive’s Budget Proposal or any supporting budget documentation present the individual sources of non-tax revenue (such as grants, property income, and sales of government-produced goods and services) for the budget year?","Yes, individual sources of non-tax revenue accounting for all non-tax revenue are presented.","Yes, individual sources of non-tax revenue accounting for at least two-thirds of, but not all, non-tax revenues are presented.","Yes, individual sources of non-tax revenue accounting for less than two-thirds of all non-tax revenues are presented.","No, individual sources of non-tax revenue are not presented.",Not applicable/other.
11,Does the Executive’s Budget Proposal or any supporting budget documentation present revenue estimates by category (such as tax and non-tax) for a multi-year period (at least two-years beyond the budget year)?,"Yes, multi-year estimates of revenue are presented by category.","No, multi-year estimates of revenue are not presented by category.",Not applicable/other.,,
12,Does the Executive’s Budget Proposal or any supporting budget documentation present estimates for individual sources of revenue presented for a multi-year period (at least two-years beyond the budget year)?,"Yes, multi-year estimates for individual sources of revenue accounting for all revenue are presented.","Yes, multi-year estimates for individual sources of revenue accounting for at least two-thirds of, but not all, revenue are presented.","Yes, multi-year estimates for individual sources of revenue accounting for less than two-thirds of revenue are presented.","No, multi-year estimates for individual sources of revenue are not presented.",Not applicable/other.
13,Does the Executive’s Budget Proposal or any supporting budget documentation present three estimates related to government borrowing and debt: the amount of net new borrowing required during the budget year; the total debt outstanding at the end of the budget year; and interest payments on the debt for the budget year?,"Yes, all three estimates related to government borrowing and debt are presented.","Yes, two of the three estimates related to government borrowing and debt are presented.","Yes, one of the three estimates related to government borrowing and debt are presented.","No, none of the three estimates related to government borrowing and debt are not presented.",Not applicable/other.
14,"Does the Executive’s Budget Proposal or any supporting budget documentation present information related to the composition of the total debt outstanding at the end of the budget year?

(The core information must include interest rates on the debt instruments; maturity profile of the debt; and whether it is domestic or external debt.)","Yes, information beyond the core elements is presented for the composition of the total debt outstanding.","Yes, the core information is presented for the composition of the total debt outstanding.","Yes, information is presented, but it excludes some core elements.","No, information related to composition of total debt outstanding is not presented.",Not applicable/other.
15,"Does the Executive’s Budget Proposal or any supporting budget documentation present information on the macroeconomic forecast upon which the budget projections are based? 

(The core information must include a discussion of the economic outlook with estimates of nominal GDP level, inflation rate, real GDP growth, and interest rates.)","Yes, information beyond the core elements is presented for the macroeconomic forecast.","Yes, the core information is presented for the macroeconomic forecast.","Yes, information is presented, but it excludes some core elements.","No, information related to the macroeconomic forecast is not presented.",Not applicable/other.
16,"Does the Executive’s Budget Proposal or any supporting budget documentation show the impact of different macroeconomic assumptions (i.e., sensitivity analysis) on the budget? 

(The core information must include estimates of the impact on expenditures, revenue, and debt of different assumptions for the inflation rate, real GDP growth, and interest rates.)","Yes, information beyond the core elements is presented to show the impact of different macroeconomic assumptions on the budget.","Yes, the core information is presented to show the impact of different macroeconomic assumptions on the budget.","Yes, information is presented, but it excludes some core elements.","No, information related to different macroeconomic assumptions is not presented.",Not applicable/other.
17,"Does the Executive’s Budget Proposal or any supporting budget documentation present information for at least the budget year that shows how new policy proposals, as distinct from existing policies, affect expenditures?","Yes, estimates that show how all new policy proposals affect expenditures are presented, along with a narrative discussion.","Yes, estimates that show how all new policy proposals affect expenditures are presented, but a narrative discussion is not included.","Yes, information that shows how some but not all new policy proposals affect expenditure is presented.","No, information that shows how new policy proposals affect expenditure is not presented.",Not applicable/other.
18,"Does the Executive’s Budget Proposal or any supporting budget documentation present information for at least the budget year that shows how new policy proposals, as distinct from existing policies, affect revenues?","Yes, estimates that show how all new policy proposals affect revenues are presented, along with a narrative discussion.","Yes, estimates that show how all new policy proposals affect revenues are presented, but a narrative discussion is not included.","Yes, information that shows how some but not all new policy proposals affect revenues are presented.","No, information that shows how new policy proposals affect revenues is not presented.",Not applicable/other.
19,"Does the Executive’s Budget Proposal or any supporting budget documentation present expenditures for the year preceding the budget year (BY-1) by any of the three expenditure classifications (by administrative, economic, or functional classification)?","Yes, expenditure estimates for BY-1 are presented by all three expenditure classifications (by administrative, economic, and functional classification).","Yes, expenditure estimates for BY-1 are presented by two of the three expenditure classifications.","Yes, expenditure estimates for BY-1 are presented by only one of the three expenditure classifications.","No, expenditure estimates for BY-1 are not presented by any expenditure classification.",Not applicable/other.
20,Does the Executive’s Budget Proposal or any supporting budget documentation present expenditures for individual programs for the year preceding the budget year (BY-1)?,"Yes, programs accounting for all expenditures are presented for BY-1.","Yes, programs accounting for at least two-thirds of, but not all, expenditures are presented for BY-1.","Yes, programs accounting for less than two-thirds of expenditures are presented for BY-1.","No, expenditures are not presented by program for BY-1.",Not applicable/other.
21,"In the Executive’s Budget Proposal or any supporting budget documentation, have expenditure estimates of the year prior to the budget year (BY-1) been updated from the original enacted levels to reflect actual expenditures?","Yes, expenditure estimates for BY-1 have been updated from the original enacted levels.","No, expenditure estimates for BY-1 have not been updated from the original enacted levels.",Not applicable/other.,,
22,"Does the Executive’s Budget Proposal or any supporting budget documentation present estimates of expenditure for more than one year prior to the budget year (that is, BY-2 and prior years) by any of the three expenditure classifications (by administrative, economic, or functional classification)?","Yes, expenditure estimates for BY-2 and prior years are presented by all three expenditure classifications (by administrative, economic, and functional classification).","Yes, expenditure estimates for BY-2 and prior years are presented by two of the three expenditure classifications.","Yes, expenditure estimates for BY-2 and prior years are presented by only one of the three expenditure classifications.","No, expenditure estimates for BY-2 and prior years are not presented by any expenditure classification.",Not applicable/other.
23,"Does the Executive’s Budget Proposal or any supporting budget documentation present expenditures for individual programs for more than one year preceding the budget year (that is, BY-2 and prior years)?","Yes, programs accounting for all expenditures are presented for BY-2 and prior years.","Yes, programs accounting for at least two-thirds of, but not all, expenditures are presented for BY-2 and prior years.","Yes, programs accounting for less than two-thirds of expenditures are presented for BY-2 and prior years.","No, expenditures are not presented by program for BY-2 and prior years.",Not applicable/other.
24,"In the Executive’s Budget Proposal or any supporting budget documentation, what is the most recent year presented for which all expenditures reflect actual outcomes?",Two years prior to the budget year (BY-2).,Three years prior to the budget year (BY-3).,Before BY-3.,No actual data for all expenditures are presented in the budget or supporting budget documentation.,Not applicable/other.
25,Does the Executive’s Budget Proposal or any supporting budget documentation present revenue by category (such as tax and non-tax) for the year preceding the budget year (BY-1)?,"Yes, revenue estimates for BY-1 are presented by category.","No, revenue estimates for BY-1 are not presented by category.",Not applicable/other.,,
26,Does the Executive’s Budget Proposal or any supporting budget documentation present individual sources of revenue for the year preceding the budget year (BY-1)?,"Yes, individual sources of revenue accounting for all revenue are presented for BY-1.","Yes, individual sources of revenue accounting for at least two-thirds of, but not all, revenue for BY-1 are presented.","Yes, individual sources of revenue accounting for less than two-thirds of all revenues for BY-1 are presented.","No, individual sources of revenue are not presented for BY-1.",Not applicable/other.
27,"In the Executive’s Budget Proposal or any supporting budget documentation, have the original estimates of revenue for the year prior to the budget year (BY-1) been updated to reflect actual revenue collections?","Yes, revenue estimates for BY-1 have been updated from the original enacted levels.","No, revenue estimates for BY-1 have not been updated from the original enacted levels.",Not applicable/other.,,
28,"Does the Executive’s Budget Proposal or any supporting budget documentation present revenue estimates by category (such as tax and non-tax) for more than one year prior to the budget year (that is, BY-2 and prior years)?","Yes, revenue estimates for BY-2 and prior years are presented by category.","No, revenue estimates for BY-2 and prior years are not presented by category.",Not applicable/other.,,
29,"Does the Executive’s Budget Proposal or any supporting budget documentation present individual sources of revenue for more than one year prior to the budget year (that is, BY-2 and prior years)?","Yes, individual sources of revenue accounting for all revenue are presented for BY-2 and prior years.","Yes, individual sources of revenue accounting for at least two-thirds of, but not all, revenue are presented for BY-2 and prior years.","Yes, individual sources of revenue accounting for less than two-thirds of all revenues are presented for BY-2 and prior years.","No, individual sources of revenue are not presented for BY-2 and prior years.",Not applicable/other.
30,"In the Executive’s Budget Proposal or any supporting budget documentation, what is the most recent year presented for which all revenues reflect actual outcomes?",Two years prior to the budget year (BY-2).,Three years prior to the budget year (BY-3).,Before BY-3.,No actual data for all revenues are presented in the budget or supporting budget documentation.,Not applicable/other.
31,"Does the Executive’s Budget Proposal or any supporting budget documentation present information on government borrowing and debt, including its composition, for the year preceding the budget year (BY-1)? 

(The core information must include the total debt outstanding at the end of BY-1; the amount of net new borrowing required during BY-1; interest payments on the debt; interest rates on the debt instruments; maturity profile of the debt; and whether it is domestic or external debt.)","Yes, information beyond the core elements is presented for government debt.","Yes, the core information is presented for government debt.","Yes, information is presented, but it excludes some core elements.","No, information related to government debt is not presented.",Not applicable/other.
32,"In the Executive’s Budget Proposal or any supporting budget documentation, what is the most recent year presented for which the debt figures reflect actual outcomes?",Two years prior to the budget year (BY-2).,Three years prior to the budget year (BY-3).,Before BY-3.,No actual data for government debt are presented in the budget or supporting budget documentation.,Not applicable/other.
33,"Does the Executive’s Budget Proposal or any supporting budget documentation present information on extra-budgetary funds for at least the budget year?

(The core information must include a statement of purpose or policy rationale for the extra-budgetary fund; and complete income, expenditure, and financing data on a gross basis.)","Yes, information beyond the core elements is presented for all extra-budgetary funds.","Yes, the core information is presented for all extra-budgetary funds.","Yes, information is presented, but it excludes some core elements or some extra-budgetary funds.","No, information related to extra-budgetary funds is not presented.",Not applicable/other.
34,Does the Executive’s Budget Proposal or any supporting budget documentation present central government finances (both budgetary and extra-budgetary) on a consolidated basis for at least the budget year?,"Yes, central government finances are presented on a consolidated basis.","No, central government finances are not presented on a consolidated basis.",Not applicable/other.,,
35,Does the Executive’s Budget Proposal or any supporting budget documentation present estimates of intergovernmental transfers for at least the budget year?,"Yes, estimates of all intergovernmental transfers are presented, along with a narrative discussion.","Yes, estimates of all intergovernmental transfers are presented, but a narrative discussion is not included.","Yes, estimates of some but not all intergovernmental transfers are presented.","No, estimates of intergovernmental transfers are not presented.",Not applicable/other.
36,"Does the Executive’s Budget Proposal or any supporting budget documentation present alternative displays of expenditures (such as by gender, by age, by income, or by region) to illustrate the financial impact of policies on different groups of citizens, for at least the budget year?","Yes, at least three alternative displays of expenditures are presented to illustrate the financial impact of policies on different groups of citizens.","Yes, two alternative displays of expenditures are presented to illustrate the financial impact of policies on different groups of citizens.","Yes, one alternative display of expenditures is presented to illustrate the financial impact of policies on different groups of citizens.","No, alternative displays of expenditures are not presented to illustrate the financial impact of policies on different groups of citizens.",Not applicable/other.
37,Does the Executive’s Budget Proposal or any supporting budget documentation present estimates of transfers to public corporations for at least the budget year?,"Yes, estimates of all transfers to public corporations are presented, along with a narrative discussion.","Yes, estimates of all transfers to public corporations are presented, but a narrative discussion is not included.","Yes, estimates of some but not all transfers to public corporations are presented.","No, estimates of transfers to public corporations are not presented.",Not applicable/other.
38,"Does the Executive’s Budget Proposal or any supporting budget documentation present information on quasi-fiscal activities for at least the budget year? 

(The core information must include a statement of purpose or policy rationale for the quasi-fiscal activity and the intended beneficiaries.)","Yes, information beyond the core elements is presented for all quasi-fiscal activities.","Yes, the core information is presented for all quasi-fiscal activities.","Yes, information is presented, but it excludes some core elements or some quasi-fiscal activities.","No, information related to quasi-fiscal activities is not presented.",Not applicable/other.
39,"Does the Executive’s Budget Proposal or any supporting budget documentation present information on financial assets held by the government?  

(The core information must include a listing of the assets, and an estimate of their value.)","Yes, information beyond the core elements is presented for all financial assets.","Yes, the core information is presented for all financial assets.","Yes, information is presented, but it excludes some core elements or some financial assets.","No, information related to financial assets is not presented.",Not applicable/other.
40,"Does the Executive’s Budget Proposal or any supporting budget documentation present information on nonfinancial assets held by the government? 

(The core information must include a listing of the assets by category.)","Yes, information beyond the core elements is presented for all nonfinancial assets.","Yes, the core information is presented for all nonfinancial assets.","Yes, information is presented, but it excludes some nonfinancial assets.","No, information related to nonfinancial assets is not presented.",Not applicable/other.
41,Does the Executive’s Budget Proposal or any supporting budget documentation present estimates of expenditure arrears for at least the budget year?,"Yes, estimates of all expenditure arrears are presented, along with a narrative discussion.","Yes, estimates of all expenditure arrears are presented, but a narrative discussion is not included.","Yes, estimates of some but not all expenditure arrears are presented.","No, estimates of expenditure arrears are not presented.",Not applicable/other.
42,"Does the Executive’s Budget Proposal or any supporting budget documentation present information on contingent liabilities, such as government loan guarantees or insurance programs?

(The core information must include a statement of purpose or policy rationale for each contingent liability; the new guarantees or insurance commitments proposed for the budget year; and the total amount of outstanding guarantees or insurance commitments (the gross exposure) at the end of the budget year.)","Yes, information beyond the core elements is presented for all contingent liabilities.","Yes, the core information is presented for all contingent liabilities.","Yes, information is presented, but it excludes some core elements or some contingent liabilities.","No, information related to contingent liabilities is not presented.",Not applicable/other.
43,"Does the Executive’s Budget Proposal or any supporting budget documentation present projections that assess the government’s future liabilities and the sustainability of its finances over the longer term?

(The core information must cover a period of at least 10 years and include the macroeconomic and demographic assumptions used and a discussion of the fiscal implications and risks highlighted by the projections.)","Yes, information beyond the core elements is presented to assess the government’s future liabilities and the sustainability of its finances over the longer term.","Yes, the core information is presented to assess the government’s future liabilities and the sustainability of its finances over the longer term.","Yes, information is presented, but it excludes some core elements.","No, information related to future liabilities and the sustainability of finances over the longer term is not presented.",Not applicable/other.
44,"Does the Executive’s Budget Proposal or any supporting budget documentation present estimates of the sources of donor assistance, both financial and in-kind?","Yes, estimates of all sources of donor assistance are presented, along with a narrative discussion.","Yes, estimates of all sources of donor assistance are presented, but a narrative discussion is not included.","Yes, estimates of some but not all sources of donor assistance are presented.","No, estimates of the sources of donor assistance are not presented.",Not applicable/other.
45,"Does the Executive’s Budget Proposal or any supporting budget documentation present information on tax expenditures for at least the budget year? 

(The core information must include a statement of purpose or policy rationale for each tax expenditure, the intended beneficiaries, and an estimate of the revenue foregone.)","Yes, information beyond the core elements is presented for all tax expenditures.","Yes, the core information is presented for all tax expenditures.","Yes, information is presented, but it excludes some core elements or some tax expenditures.","No, information related to tax expenditures is not presented.",Not applicable/other.
46,Does the Executive’s Budget Proposal or any supporting budget documentation present estimates of earmarked revenues?,"Yes, estimates of all earmarked revenues are presented, along with a narrative discussion.","Yes, estimates of all earmarked revenues are presented, but a narrative discussion is not included.","Yes, estimates of some but not all earmarked revenues are presented.","No, estimates of earmarked revenues are not presented.",Not applicable/other.
47,Does the Executive’s Budget Proposal or any supporting budget documentation present information on how the proposed budget (both new proposals and existing policies) is linked to government’s policy goals for the budget year?,"Yes, estimates that show how the proposed budget is linked to all the government’s policy goals for the budget year are presented, along with a narrative discussion.","Yes, estimates that show how the proposed budget is linked to all the government’s policy goals for the budget year are presented, but a narrative discussion is not included.","Yes, information that shows how the proposed budget is linked to some but not all of the government’s policy goals for the budget year is presented.","No, information on the link between the budget and the government’s stated policy goals for the budget year is not presented.",Not applicable/other.
48,Does the Executive’s Budget Proposal or any supporting budget documentation present information on how the proposed budget (both new proposals and existing policies) is linked to government’s policy goals for a multi-year period (for at least two years beyond the budget year)?,"Yes, estimates that show how the proposed budget is linked to all the government’s policy goals for a multi-year period are presented, along with a narrative discussion.","Yes, estimates that show how the proposed budget is linked to all the government’s policy goals for a multi-year period are presented, but a narrative discussion is not included.","Yes, information that shows how the proposed budget is linked to some but not all of the government’s policy goals for a multi-year period is presented.","No, information on the link between the budget and the government’s stated policy goals for a multi-year period is not presented.",Not applicable/other.
49,Does the Executive’s Budget Proposal or any supporting budget documentation present nonfinancial data on inputs to be acquired for at least the budget year?,"Yes, nonfinancial data on inputs are provided for each program within all administrative units (or functions).","Yes, nonfinancial data on inputs are presented for all administrative units (or functions) but not for all (or any) programs.","Yes, nonfinancial data on inputs are presented for some programs and/or some administrative units (or functions).","No, nonfinancial data on inputs are not presented.",Not applicable/other.
50,Does the Executive’s Budget Proposal or any supporting budget documentation present nonfinancial data on results (in terms of outputs or outcomes) for at least the budget year?,"Yes, nonfinancial data on results are provided for each program within all administrative units (or functions).","Yes, nonfinancial data on results are presented for all administrative units (or functions) but not for all (or any) programs.","Yes, nonfinancial data on results are presented for some programs and/or some administrative units (or functions).","No, nonfinancial data on results are not presented.",Not applicable/other.
51,Are performance targets assigned to nonfinancial data on results in the Executive’s Budget Proposal or any supporting budget documentation?,"Yes, performance targets are assigned to all nonfinancial data on results.","Yes, performance targets are assigned to most nonfinancial data on results.","Yes, performance targets are assigned to some nonfinancial data on results.","No, performance targets are not assigned to nonfinancial data on results, or the budget does not present nonfinancial data on results.",Not applicable/other.
52,Does the Executive’s Budget Proposal or any supporting budget documentation present estimates of policies (both new proposals and existing policies) that are intended to benefit directly the country’s most impoverished populations in at least the budget year?,"Yes, estimates of all policies that are intended to benefit directly the country’s most impoverished populations are presented, along with a narrative discussion.","Yes, estimates of all policies that are intended to benefit directly the country’s most impoverished populations are presented, but a narrative discussion is not included.","Yes, estimates of some but not all policies that are intended to benefit directly the country’s most impoverished populations are presented.","No, estimates of policies that are intended to benefit directly the country’s most impoverished populations are not presented.",Not applicable/other.
53,"Does the executive release to the public its timetable for formulating the Executive’s Budget Proposal (that is, a document setting deadlines for submissions from other government entities, such as line ministries or subnational government, to the Ministry of Finance or whatever central government agency is in charge of coordinating the budget’s formulation)?","Yes, a detailed timetable is released to the public.","Yes, a timetable is released, but some details are excluded.","Yes, a timetable is released, but it lacks important details.","No, a timetable is not issued to the public.",Not applicable/other.
54,"Does the Pre-Budget Statement present information on the macroeconomic forecast upon which the budget projections are based? 

(The core information must include a discussion of the economic outlook with estimates of nominal GDP level, inflation rate, real GDP growth, and interest rates.)","Yes, information beyond the core elements is presented for the macroeconomic forecast.","Yes, the core information is presented for the macroeconomic forecast.","Yes, information is presented, but it excludes some core elements.","No, information related to the macroeconomic forecast is not presented.",Not applicable/other.
55,"Does the Pre-Budget Statement present information on the government’s expenditure policies and priorities that will guide the development of detailed estimates for the upcoming budget?

(The core information must include a discussion of expenditure policies and priorities and an estimate of total expenditures.)","Yes, information beyond the core elements is presented for the government’s expenditure policies and priorities.","Yes, the core information is presented for the government’s expenditure policies and priorities.","Yes, information is presented, but it excludes some core elements.","No, information related to the government’s expenditure policies and priorities is not presented.",Not applicable/other.
56,"Does the Pre-Budget Statement present information on the government’s revenue policies and priorities that will guide the development of detailed estimates for the upcoming budget?

(The core information must include a discussion of revenue policies and priorities and an estimate of total revenues.)","Yes, information beyond the core elements is presented for the government’s revenue policies and priorities.","Yes, the core information is presented for the government’s revenue policies and priorities.","Yes, information is presented, but it excludes some core elements.","No, information related to the government’s revenue policies and priorities is not presented.",Not applicable/other.
57,Does Pre-Budget Statement present three estimates related to government borrowing and debt: the amount of net new borrowing required during the budget year; the total debt outstanding at the end of the budget year; and interest payments on the debt for the budget year?,"Yes, all three estimates related to government borrowing and debt are presented.","Yes, two of the three estimates related to government borrowing and debt are presented.","Yes, one of the three estimates related to government borrowing and debt are presented.","No, none of the three estimates related to government borrowing and debt are not presented.",Not applicable/other.
58,Does the Pre-Budget Statement present estimates of total expenditures for a multi-year period (at least two-years beyond the budget year)?,"Yes, multi-year expenditure estimates are presented.","No, multi-year expenditure estimates are not presented.",Not applicable/other.,,
59,"Does the Enacted Budget present expenditure estimates by any of the three expenditure classifications (by administrative, economic, or functional classification)?","Yes, the Enacted Budget presents expenditure estimates by all three expenditure classifications (by administrative, economic, and functional classification).","Yes, the Enacted Budget presents expenditure estimates by two of the three expenditure classifications.","Yes, the Enacted Budget presents expenditure estimates by only one of the three expenditure classifications.","No, the Enacted Budget does not present expenditure estimates by any expenditure classification.",Not applicable/other.
60,Does the Enacted Budget present expenditure estimates for individual programs?,"Yes, the Enacted Budget presents estimates for programs accounting for all expenditures.","Yes, the Enacted Budget presents estimates for programs accounting for at least two-thirds of, but not all, expenditures.","Yes, the Enacted Budget presents estimates for programs accounting for less than two-thirds of expenditures.","No, the Enacted Budget does not present expenditure estimates by program.",Not applicable/other.
61,Does the Enacted Budget present revenue estimates by category (such as tax and non-tax)?,"Yes, the Enacted Budget presents revenue estimates by category.","No, the Enacted Budget does not present revenue estimates by category.",Not applicable/other.,,
62,Does the Enacted Budget present individual sources of revenue?,"Yes, the Enacted Budget presents individual sources of revenue accounting for all revenue.","Yes, the Enacted Budget presents individual sources of revenue accounting for at least two-thirds of, but not all, revenue.","Yes, the Enacted Budget presents individual sources of revenue accounting for less than two-thirds of all revenues.","No, the Enacted Budget does not present individual sources of revenue.",Not applicable/other.
63,Does the Enacted Budget present three estimates related to government borrowing and debt: the amount of net new borrowing required during the budget year; the total debt outstanding at the end of the budget year; and interest payments on the debt for the budget year?,"Yes, all three estimates related to government borrowing and debt are presented.","Yes, two of the three estimates related to government borrowing and debt are presented.","Yes, one of the three estimates related to government borrowing and debt are presented.","No, none of the three estimates related to government borrowing and debt are not presented.",Not applicable/other.
64,"What information is provided in the Citizens Budget? 

(The core information must include expenditure and revenue totals, the main policy initiatives in the budget, the macroeconomic forecast upon which the budget is based, and contact information for follow-up by citizens.)",The Citizens Budget provides information beyond the core elements.,The Citizens Budget provides the core information.,"The Citizens Budget provides information, but it excludes some core elements.",The Citizens Budget is not published.,Not applicable/other.
65,How is the Citizens Budget disseminated to the public?,"A Citizens Budget is disseminated widely through a combination of at least three different appropriate tools and media (such as the Internet, billboards, radio programs, newspapers, etc.).","A Citizens Budget is published by using at least two, but less than three, means of dissemination, but no other dissemination efforts are undertaken by the executive.",A Citizens Budget is disseminated only by using one means of dissemination.,A Citizens Budget is not published.,Not applicable/other.
66,Has the executive established mechanisms to identify the public’s requirements for budget information prior to publishing the Citizens Budget?,"Yes, the executive has established mechanisms to identify the public’s requirements for budget information in the Citizen’s Budget, and these mechanisms are accessible and widely used by the public.","Yes, the executive has established mechanisms to identify the public’s requirements for budget information in the Citizen’s Budget; while these mechanisms are accessible they are not widely used by the public.","Yes, the executive has established mechanisms to identify the public’s requirements for budget information in the Citizen’s Budget, but these mechanisms are not accessible.","No, the executive has not established any mechanisms to identify the public’s requirements for budget information in the Citizen’s Budget.",Not applicable/other.
67,Are “citizens” versions of budget documents published throughout the budget process?,"A citizens version of budget documents is published for each of the four stages of the budget process (budget formulation, enactment, execution, and audit).",A citizens version of budget documents is published for at least two of the four stages of the budget process.,A citizens version of budget documents is published for at least one stage of the budget process.,No citizens version of budget documents is published.,Not applicable/other.
68,"Do the In-Year Reports present actual expenditures by any of the three expenditure classifications (by administrative, economic, or functional classification)?","Yes, the In-Year Reports present actual expenditures by all three expenditure classifications (by administrative, economic, and functional classification).","Yes, the In-Year Reports present actual expenditures by two of the three expenditure classifications.","Yes, the In-Year Reports present actual expenditures by only one of the three expenditure classifications.","No, the In-Year Reports do not present actual expenditures by any expenditure classification.",Not applicable/other.
69,Do the In-Year Reports present actual expenditures for individual programs?,"Yes, the In-Year Reports present actual expenditures for programs accounting for all expenditures.","Yes, the In-Year Reports present actual expenditures for programs accounting for at least two-thirds of, but not all, expenditures.","Yes, the In-Year Reports present actual expenditures for programs accounting for less than two-thirds of expenditures.","No, the In-Year Reports do not present actual expenditures by program.",Not applicable/other.
70,Do the In-Year Reports compare actual year-to-date expenditures with either the original estimate for that period (based on the enacted budget) or the same period in the previous year?,"Yes, comparisons are made for expenditures presented in the In-Year Reports.","No, comparisons are not made for expenditures presented in the In-Year Reports.",Not applicable/other.,,
71,Do In-Year Reports present actual revenue by category (such as tax and non-tax)?,"Yes, In-Year Reports present actual revenue by category.","No, In-Year Reports do not present actual revenue by category.",Not applicable/other.,,
72,Do In-Year Reports present the individual sources of revenue for actual revenues collected?,"Yes, In-Year Reports present individual sources of actual revenue accounting for all revenue.","Yes, In-Year Reports present individual sources of actual revenue accounting for at least two-thirds of, but not all, revenue.","Yes, In-Year Reports present individual sources of actual revenue accounting for less than two-thirds of all revenue.","No, In-Year Reports do not present individual sources of actual revenue.",Not applicable/other.
73,Do the In-Year Reports compare actual year-to-date revenues with either the original estimate for that period (based on the enacted budget) or the same period in the previous year?,"Yes, comparisons are made for revenues presented in the In-Year Reports.","No, comparisons are not made for revenues presented in the In-Year Reports.",Not applicable/other.,,
74,Do In-Year Reports present three estimates related to actual government borrowing and debt: the amount of net new borrowing; the total debt outstanding; and interest payments?,"Yes, all three estimates related to government borrowing and debt are presented.","Yes, two of the three estimates related to government borrowing and debt are presented.","Yes, one of the three estimates related to government borrowing and debt are presented.","No, none of the three estimates related to government borrowing and debt are not presented.",Not applicable/other.
75,"Do In-Year Reports present information related to the composition of the total actual debt outstanding?

(The core information must include interest rates on the debt instruments; maturity profile of the debt; and whether it is domestic or external debt.)","Yes, information beyond the core elements is presented for the composition of the total actual debt outstanding.","Yes, the core information is presented for the composition of the total actual debt outstanding.","Yes, information is presented, but it excludes some core elements.","No, information related to composition of total actual debt outstanding is not presented.",Not applicable/other.
76,Does the Mid-Year Review of the budget include an updated macroeconomic forecast for the budget year underway?,"Yes, the estimates for the macroeconomic forecast have been updated, and an explanation of all of the differences between the original and updated forecasts is presented.","Yes, the estimates for macroeconomic forecast have been updated, and an explanation of some of the differences between the original and updated forecasts is presented.","Yes, the estimates for macroeconomic forecast have been updated, but an explanation of the differences between the original and updated forecast is not presented.","No, the estimates for macroeconomic forecast have not been updated.",Not applicable/other.
77,Does the Mid-Year Review of the budget include updated expenditure estimates for the budget year underway?,"Yes, expenditure estimates have been updated, and an explanation of all of the differences between the original and updated expenditure estimates is presented.","Yes, expenditure estimates have been updated, and an explanation of some of the differences between the original and updated expenditure estimates is presented.","Yes, expenditure estimates have been updated, but an explanation of the differences between the original and updated expenditure estimates is not presented.","No, expenditure estimates have not been updated.",Not applicable/other.
78,"Does the Mid-Year Review of the budget present expenditure estimates by any of the three expenditure classifications (by administrative, economic, or functional classification)?","Yes, the Mid-Year Review presents expenditure estimates by all three expenditure classifications (by administrative, economic, and functional classification).","Yes, the Mid-Year Review presents expenditure estimates by two of the three expenditure classifications.","Yes, the Mid-Year Review presents expenditure estimates by only one of the three expenditure classifications.","No, the Mid-Year Review does not present expenditure estimates by any expenditure classification.",Not applicable/other.
79,Does the Mid-Year Review of the budget present expenditure estimates for individual programs?,"Yes, the Mid-Year Review presents estimates for programs accounting for all expenditures.","Yes, the Mid-Year Review presents estimates for programs accounting for at least two-thirds of, but not all, expenditures.","Yes, the Mid-Year Review presents estimates for programs accounting for less than two-thirds of expenditures.","No, the Mid-Year Review does not present expenditure estimates by program.",Not applicable/other.
80,Does the Mid-Year Review of the budget include updated revenue estimates for the budget year underway?,"Yes, revenue estimates have been updated, and an explanation of all of the differences between the original and updated revenue estimates is presented.","Yes, revenue estimates have been updated, and an explanation of some of the differences between the original and updated revenue estimates is presented.","Yes, revenue estimates have been updated, but an explanation of the differences between the original and updated revenue estimates is not presented.","No, revenue estimates have not been updated.",Not applicable/other.
81,Does the Mid-Year Review of the budget present revenue estimates by category (such as tax and non-tax)?,"Yes, the Mid-Year Review presents revenue estimates by category.","No, the Mid-Year Review does not present revenue estimates by category.",Not applicable/other.,,
82,Does the Mid-Year Review of the budget present individual sources of revenue?,"Yes, the Mid-Year Review presents individual sources of revenue accounting for all revenue.","Yes, the Mid-Year Review presents individual sources of revenue accounting for at least two-thirds of, but not all, revenue.","Yes, the Mid-Year Review presents individual sources of revenue accounting for less than two-thirds of all revenues.","No, the Mid-Year Review does not present individual sources of revenue.",Not applicable/other.
83,"Does the Mid-Year Review of the budget include updated estimates of government borrowing and debt, including its composition, for the budget year underway?","Yes, estimates of government borrowing and debt have been updated, and information on all of the differences between the original and updated estimates is presented.","Yes, estimates of government borrowing and debt have been updated, and information on some of the differences between the original and updated estimates is presented.","Yes, estimates of government borrowing and debt have been updated, but information on the differences between the original and updated estimates is not presented.","No, estimates of government borrowing and debt have not been updated.",Not applicable/other.
84,Does the Year-End Report present the differences between the enacted levels (including in-year changes approved by the legislature) and the actual outcome for expenditures?,"Yes, estimates of the differences between the enacted levels and the actual outcome for all expenditures are presented, along with a narrative discussion.","Yes, estimates of the differences between the enacted levels and the actual outcome for all expenditures are presented, but a narrative discussion is not included.","Yes, estimates of the differences between the enacted levels and the actual outcome for some but not all expenditures are presented.","No, estimates of the differences between the enacted levels and the actual outcome for expenditures are not presented.",Not applicable/other.
85,"Does the Year-End Report present expenditure estimates by any of the three expenditure classifications (by administrative, economic, or functional classification)?","Yes, the Year-End Report presents expenditure estimates by all three expenditure classifications (by administrative, economic, and functional classification).","Yes, the Year-End Report presents expenditure estimates by two of the three expenditure classifications.","Yes, the Year-End Report presents expenditure estimates by only one of the three expenditure classifications.","No, the Year-End Report does not present expenditure estimates by any expenditure classification.",Not applicable/other.
86,Does the Year-End Report present expenditure estimates for individual programs?,"Yes, the Year-End Report presents estimates for programs accounting for all expenditures.","Yes, the Year-End Report presents estimates for programs accounting for at least two-thirds of, but not all, expenditures.","Yes, the Year-End Report presents estimates for programs accounting for less than two-thirds of expenditures.","No, the Year-End Report does not present expenditure estimates by program.",Not applicable/other.
87,Does the Year-End Report present the differences between the enacted levels (including in-year changes approved by the legislature) and the actual outcome for revenues?,"Yes, estimates of the differences between the enacted levels and the actual outcome for all revenues are presented, along with a narrative discussion.","Yes, estimates of the differences between the enacted levels and the actual outcome for all revenues are presented, but a narrative discussion is not included.","Yes, estimates of the differences between the enacted levels and the actual outcome for some but not all revenues are presented.","No, estimates of the differences between the enacted levels and the actual outcome for revenues are not presented.",Not applicable/other.
88,Does the Year-End Report present revenue estimates by category (such as tax and non-tax)?,"Yes, the Year-End Report presents revenue estimates by category.","No, the Year-End Report does not present revenue estimates by category.",Not applicable/other.,,
89,Does the Year-End Report present individual sources of revenue?,"Yes, the Year-End Report presents individual sources of revenue accounting for all revenue.","Yes, the Year-End Report presents individual sources of revenue accounting for at least two-thirds of, but not all, revenue.","Yes, the Year-End Report presents individual sources of revenue accounting for less than two-thirds of all revenues.","No, the Year-End Report does not present individual sources of revenue.",Not applicable/other.
90,"Does the Year-End Report present the differences between the original estimates of government borrowing and debt, including its composition, for the fiscal year and the actual outcome for that year?","Yes, estimates of the differences between all of the original estimates of government borrowing and debt for the fiscal year and the actual outcome for that year are presented, along with a narrative discussion.","Yes, estimates of the differences between all the original estimates of government borrowing and debt for the fiscal year and the actual outcome for that year are presented, but a narrative discussion is not included.","Yes, estimates of the differences between some but not all of the original estimates of government borrowing and debt for the fiscal year and the actual outcome for that year are presented.","No, estimates of the differences between the original estimates of government borrowing and debt for the fiscal year and the actual outcome for that year is not presented.",Not applicable/other.
91,Does the Year-End Report present the differences between the original macroeconomic forecast for the fiscal year and the actual outcome for that year?,"Yes, estimates of the differences between all of the original macroeconomic assumptions for the fiscal year and the actual outcome for that year are presented, along with a narrative discussion.","Yes, estimates of the differences between all the original macroeconomic assumptions for the fiscal year and the actual outcome for that year are presented, but a narrative discussion is not included.","Yes, estimates of the differences between some but not all of the original macroeconomic assumptions for the fiscal year and the actual outcome for that year are presented.","No, estimates of the differences between the original macroeconomic forecast for the fiscal year and the actual outcome for that year is not presented.",Not applicable/other.
92,Does the Year-End Report present the differences between the original estimates of nonfinancial data on inputs and the actual outcome?,"Yes, estimates of the differences between all of the original estimates of nonfinancial data on inputs and the actual outcome are presented, along with a narrative discussion.","Yes, estimates of the differences between all of the original estimates of nonfinancial data on inputs and the actual outcome are presented, but a narrative discussion is not included.","Yes, estimate of the differences between some but not all of the original estimates of nonfinancial data on inputs and the actual outcome are presented.","No, estimates of the differences between the original estimates of nonfinancial data on inputs and the actual outcome are not presented.",Not applicable/other.
93,Does the Year-End Report present the differences between the original estimates of nonfinancial data on results and the actual outcome?,"Yes, estimates of the differences between all of the original estimates of nonfinancial data on results and the actual outcome are presented, along with a narrative discussion.","Yes, estimates of the differences between all of the original estimates of nonfinancial data on results and the actual outcome are presented, but a narrative discussion is not included.","Yes, estimate of the differences between some but not all of the original estimates of nonfinancial data on results and the actual outcome are presented.","No, estimates of the differences between the original estimates of nonfinancial data on results and the actual outcome are not presented.",Not applicable/other.
94,Does the Year-End Report present the differences between the enacted level of funds for policies (both new proposals and existing policies) that are intended to benefit directly the country’s most impoverished populations and the actual outcome?,"Yes, estimates of the differences between the enacted level for all policies that are intended to benefit directly the country’s most impoverished populations and the actual outcome are presented, along with a narrative discussion.","Yes, estimates of the differences between the enacted level for all policies that are intended to benefit directly the country’s most impoverished populations and the actual outcome are presented, but a narrative discussion is not included.","Yes, estimates of the differences between the enacted level for some but not all of the policies that are intended to benefit directly the country’s most impoverished populations and the actual outcome are presented.","No, estimates of the differences between the enacted level for policies that are intended to benefit directly the country’s most impoverished populations and the actual outcome are not presented.",Not applicable/other.
95,Does the Year-End Report present the differences between the original estimates of extra-budgetary funds and the actual outcome?,"Yes, estimates of the differences between all of the original estimates of extra-budgetary funds and the actual outcome are presented, along with a narrative discussion.","Yes, estimates of the differences between all of the original estimates of extra-budgetary funds and the actual outcome are presented, but a narrative discussion is not included.","Yes, estimates of the differences between some but not all of the original estimates of extra-budgetary funds and the actual outcome are presented.","No, estimates of the differences between the original estimates of extra-budgetary funds and the actual outcome is not presented.",Not applicable/other.
96,Is a financial statement included as part of the Year-End Report or released as a separate report?,"Yes, a financial statement is part of the Year-End Report or is released as a separate report.","No, a financial statement is neither part of the Year-End Report nor released as a separate report.",Not applicable/other.,,
97,"What type of audits (compliance, financial, or performance) has the Supreme Audit Institution (SAI) conducted and made available to the public?","The SAI has conducted all three types of audits (compliance, financial, or performance) and made them available to the public.","The SAI has conducted two of the three types of audits, and made them available to the public.","The SAI has conducted one of the three types of audits, and made them available to the public.","The SAI has not conducted any of the three types of audits, or has not made them available to the public.",Not applicable/other.
98,What percentage of expenditures within the mandate of the Supreme Audit Institution (SAI) has been audited?,All expenditures within the SAI’s mandate have been audited.,"Expenditures representing at least two-thirds of, but not all, expenditures within the SAI’s mandate have been audited.",Expenditures representing less than two-thirds of expenditures within the SAI’s mandate have been audited.,No expenditures have been audited.,Not applicable/other.
99,What percentage of extra-budgetary funds within the mandate of the Supreme Audit Institution (SAI) has been audited?,All extra-budgetary funds within the SAI’s mandate have been audited.,"Extra-budgetary funds accounting for at least two-thirds of, but not all, expenditures associated with extra-budgetary funds within the SAI’s mandate have been audited.",Extra-budgetary funds accounting for less than two-thirds of expenditures associated with extra-budgetary funds within the SAI’s mandate have been audited.,No extra-budgetary funds have been audited.,Not applicable/other.
100,Does the annual Audit Report(s) prepared by the Supreme Audit Institution (SAI) include an executive summary?,"Yes, the annual Audit Report(s) includes one or more executive summaries summarizing the report’s content.","No, the annual Audit Report(s) does not include an executive summary.",Not applicable/other.,,
101,Does the executive make available to the public a report on what steps it has taken to address audit recommendations or findings that indicate a need for remedial action?,"Yes, the executive reports publicly on what steps it has taken to address audit findings.","Yes, the executive reports publicly on most audit findings.","Yes, the executive reports publicly on some audit findings.","No, the executive does not report on steps it has taken to address audit findings.",Not applicable/other.
102,Does either the Supreme Audit Institution (SAI) or legislature release to the public a report that tracks actions taken by the executive to address audit recommendations?,"Yes, the SAI or legislature reports publicly on what steps the executive has taken to address all audit recommendations.","Yes, the SAI or legislature reports publicly on most audit recommendations.","Yes, the SAI or legislature reports publicly on some audit recommendations.","No, neither the SAI nor legislature reports on steps the executive has taken to address audit recommendations.",Not applicable/other.
103,Does the legislature have internal capacity to conduct budget analyses or use independent research capacity for such analyses?,"Yes, there is a specialized budget research office/unit attached to the legislature, and it has sufficient staffing, resources, and analytical capacity to carry out its tasks.","Yes, there is a specialized budget research office, but its staffing and other resources, including adequate funding, are insufficient to carry out its tasks.","Yes, there are independent researchers outside the legislature that can perform budget analyses and the legislature takes advantage of this capacity, but there is no specialized office attached to the legislature.","No, the legislature has neither internal capacity nor access to independent research capacity for budget analyses.",Not applicable/other.
104,Does the legislature debate budget policy prior to the tabling of the Executive’s Budget Proposal?,"Yes, the legislature both debates budget policy prior to the tabling of the Executive’s Budget Proposal and approves recommendations for the budget, and the executive is obliged to reflect the legislature’s recommendations in the budget.","Yes, the legislature both debates budget policy prior to the tabling of the Executive’s Budget Proposal and approves recommendations for the budget, but the executive is not obliged to reflect the legislature’s recommendations in the budget.","Yes, the legislature debates budget policy prior to the tabling of the Executive’s Budget Proposal, but the legislature does not approve recommendations for the budget.","No, neither the full legislature nor any legislative committee debate budget policy prior to the tabling of the Executive’s Budget Proposal.",Not applicable/other.
105,Does the executive hold consultations with members of the legislature as part of its process of determining budget priorities?,"Yes, the executive holds consultations with a wide range of legislators.","Yes, the executive holds consultations with a range of legislators, but some key members are excluded.","Yes, the executive holds consultations with only a limited number of legislators.","No, the executive does not consult with members of the legislature as part of the budget preparation process.",Not applicable/other.
106,How far in advance of the start of the budget year does the legislature receive the Executive’s Budget Proposal?,The legislature receives the Executive’s Budget Proposal at least three months before the start of the budget year.,"The legislature receives the Executive’s Budget Proposal at least two months, but less than three months, before the start of the budget year.","The legislature receives the Executive’s Budget Proposal at least one month, but less than two months, before the start of the budget year.",The legislature does not receive the Executive’s Budget Proposal at least one month before the start of the budget year.,Not applicable/other.
107,When does the legislature approve the Executive’s Budget Proposal?,The legislature approves the budget at least one month in advance of the start of the budget year.,"The legislature approves the budget less than one month in advance of the start of the budget year, but at least by the start of the budget year.",The legislature approves the budget less than one month after the start of the budget year.,"The legislature approves the budget more than one month after the start of the budget year, or does not approve the budget.",Not applicable/other.
108,Does the legislature have the authority in law to amend the Executive’s Budget Proposal?,"Yes, the legislature has unlimited authority in law to amend the Executive’s Budget Proposal.","Yes, the legislature has authority in law to amend the Executive’s Budget Proposal, with some limitations.","Yes, the legislature has authority in law to amend the Executive’s Budget Proposal, but its authority is very limited.","No, the legislature does not have any authority in law to amend the Executive’s Budget Proposal.",Not applicable/other.
109,"Does the executive seek input from the legislature prior to shifting funds between administrative units that receive explicit funding in the Enacted Budget, and is it legally required to do so?","The executive is required by law or regulation to obtain approval or input from the legislature prior to shifting funds between administrative units, and it does so in practice.","The executive obtains approval or input from the legislature prior to shifting funds between administrative units, but is not required to do so by law or regulation.","The executive is required by law or regulation to obtain approval or input from the legislature prior to shifting funds between administrative units, but in practice the executive shifts funds without seeking prior approval or input from the legislature.","The executive shifts funds between administrative units without seeking prior approval or input from the legislature, and there is no law or regulation requiring it to obtain such prior approval or input from the legislature.",Not applicable/other.
110,"Does the executive seek input from the legislature prior to shifting funds within administrative units that receive explicit funding in the Enacted Budget, and is it legally required to do so?","The executive is required by law or regulation to obtain approval or input from the legislature prior to shifting funds within administrative units, and it does so in practice.","The executive obtains approval or input from the legislature prior to shifting funds within administrative units, but is not required to do so by law or regulation.","The executive is required by law or regulation to obtain approval or input from the legislature prior to shifting funds within administrative units, but in practice the executive shifts funds without seeking prior approval or input from the legislature.","The executive shifts funds within administrative units without seeking prior approval or input from the legislature, and there is no law or regulation requiring it to obtain such prior approval or input from the legislature.",Not applicable/other.
111,"Does the executive seek input from the legislature prior to spending excess revenue (that is, amounts higher than originally anticipated) that may become available during the budget execution period, and is it legally required to do so?","The executive is required by law or regulation to obtain approval or input from the legislature prior to spending excess revenues, and it does so in practice.","The executive obtains approval or input from the legislature prior to spending excess revenue, but is not required to do so by law or regulation.","The executive is required by law or regulation to obtain approval or input from the legislature prior to spending excess revenue, but in practice the executive spends these funds without seeking prior approval or input from the legislature.","The executive spends excess revenues without seeking prior approval or input from the legislature, and there is no law or regulation requiring it to obtain such prior approval or input from the legislature.",Not applicable/other.
112,When was the most recent supplemental budget approved?,The most recent supplemental budget was approved before the funds were expended.,"The most recent supplemental budget was approved after the funds were expended, or the executive implemented the supplemental budget without ever receiving approval from the legislature (please specify).",Not applicable/other.,,
113,"Does the executive seek input from the legislature prior to spending contingency funds or other funds for which no specific purpose was identified in the Enacted Budget, and is it legally required to do so?","The executive is required by law or regulation to obtain approval or input from the legislature prior to spending contingency funds, and it does so in practice.","The executive obtains approval or input from the legislature prior to spending contingency funds, but is not required to do so by law or regulation.","The executive is required by law or regulation to obtain approval or input from the legislature prior to spending contingency funds, but in practice the executive spends these funds without seeking prior approval or input from the legislature.","The executive spends contingency funds without seeking prior approval or input from the legislature, and there is no law or regulation requiring it to obtain such prior approval or input from the legislature.",Not applicable/other.
114,Does a committee of the legislature hold public hearings to review and scrutinize Audit Reports?,"Yes, a committee holds public hearings to review and scrutinize a wide range of Audit Reports.","Yes, a committee holds public hearings to review and scrutinize the main Audit Reports.","Yes, a committee holds public hearings to review and scrutinize a small number of Audit Reports.","No, a committee does not hold public hearings to review and scrutinize Audit Reports.",Not applicable/other.
115,Does the Supreme Audit Institution (SAI) have the discretion in law to undertake those audits it may wish to?,The SAI has full discretion to decide which audits it wishes to undertake.,"The SAI has significant discretion, but faces some limitations.","The SAI has some discretion, but faces considerable limitations.",The SAI has no discretion to decide which audits it wishes to undertake.,Not applicable/other.
116,"Has the Supreme Audit Institution (SAI) established a monitoring system to provide on-going, independent evaluations of its audit processes (a quality assurance system)?","Yes, the SAI has established a quality assurance system, and both a sample of completed audits are reviewed annually and the findings of these reviews are made available to the public.","Yes, the SAI has established a quality assurance system, but either a sample of completed audits are not reviewed annually or the findings of these reviews are not made available to the public.","Yes, the SAI has established a quality assurance system, but neither a sample of completed audits are reviewed annually nor are the findings of these reviews made available to the public.","No, the SAI has not established a quality assurance system.",Not applicable/other.
117,Must a branch of government other than the executive (such as the legislature or the judiciary) give final consent before the head of the Supreme Audit Institution (SAI) can be removed from office?,"Yes, the head of the SAI may only be removed by the legislature or judiciary, or the legislature or judiciary must give final consent before he or she is removed.","No, the executive may remove the head of the SAI without the final consent of the judiciary or legislature.",Not applicable/other.,,
118,Who determines the budget of the Supreme Audit Institution (SAI)?,"The budget of the SAI is determined by the legislature or judiciary (or some independent body), and the funding level is broadly consistent with the resources the SAI needs to fulfill its mandate.","The budget of the SAI is determined by the executive, and the funding level is broadly consistent with the resources the SAI needs to fulfill its mandate.","The budget of the SAI is determined by the legislature or judiciary (or some independent body), but the funding level is not consistent with the resources the SAI needs to fulfill its mandate.","The budget of the SAI is determined by the executive, and the funding level is not consistent with the resources the SAI needs to fulfill its mandate.",Not applicable/other.
119,"Does the executive make available to the public clear (accessible, nontechnical) definitions of terms used in the budget and other budget-related documents (for instance, in a glossary)?","Yes, clear definitions of all key budget terms are provided.","Yes, definitions are provided for all key budget terms, but they are not always clear.","Yes, definitions are provided for some but not all key budget terms.","No, definitions are not provided.",Not applicable/other.
120,Is the executive formally required to engage with the public during the formulation and execution phases of the budget process?,"A law, a regulation, or a formal procedural obligation requires the executive to engage with the public during both the formulation and execution phases of the budget process.","A law, a regulation, or a formal procedural obligation requires the executive to engage with the public during either the formulation or the execution phase of the budget process but not both.","There is no formal requirement for the executive to engage with the public during either the formulation or the execution phase of the budget process, but informal procedures exist to enable the public to engage with the executive during the formulation or execution phase of the budget process or during both phases.",There is no formal requirement and the executive does not engage with the public during the budget process.,Not applicable/other.
121,"When the executive engages with the public during the budget formulation process, does it articulate what it hopes to achieve from the engagement and provide other information far enough in advance so that the public can participate in an informed manner?",The executive provides sufficient information (including what it hopes to achieve from its engagement with the public) in advance of the engagement.,"The executive provides information to the public, but it is either insufficient or is not provided in advance of the engagement.","The executive provides information to the public, but it is neither sufficient nor provided in advance of the engagement.","The executive does not provide information, or does not engage with the public during the budget process.",Not applicable/other.
122,"When the executive engages with the public during the budget execution process, does it articulate what it hopes to achieve from the engagement and provide other information far enough in advance so that the public can participate in an informed manner?",The executive provides sufficient information (including what it hopes to achieve from its engagement with the public) in advance of the engagement.,"The executive provides information to the public, but it is either insufficient or is not provided in advance of the engagement.","The executive provides information to the public, but it is neither sufficient nor provided in advance of the engagement.","The executive does not provide information, or does not engage with the public during the budget process.",Not applicable/other.
123,Has the executive established mechanisms to identify the public’s perspective on budget priorities?,"Yes, the executive has established mechanisms to identify the public’s perspective on budget priorities, and these mechanisms are accessible and widely used by the public.","Yes, the executive has established mechanisms to identify the public’s perspective on budget priorities; while these mechanisms are accessible they are not widely used by the public.","Yes, the executive has established mechanisms to identify the public’s perspective on budget priorities, but these mechanisms are not accessible.","No, the executive has not established any mechanisms to identify the public’s perspective on budget priorities.",Not applicable/other.
124,Has the executive established mechanisms to identify the public’s perspective on budget execution?,"Yes, the executive has established mechanisms to identify the public’s perspective on budget execution, and these mechanisms are accessible and widely used by the public.","Yes, the executive has established mechanisms to identify the public’s perspective on budget execution; while these mechanisms are accessible they are not widely used by the public.","Yes, the executive has established mechanisms to identify the public’s perspective on budget execution, but these mechanisms are not accessible.","No, the executive has not established any mechanisms to identify the public’s perspective on budget execution.",Not applicable/other.
125,"Does the executive provide formal, detailed feedback to the public on how its inputs have been used to develop budget plans and improve budget execution?","Yes, the executive issues reports on the inputs it received from the public and provides detailed feedback on how these inputs have been used.","Yes, the executive issues reports on the inputs it received from the public, but provides only limited feedback on how these inputs have been used.","Yes, the executive issues reports on the inputs it received from the public, but provides no feedback on how these inputs have been used.","No, the executive does not issue reports on the inputs it received from the public or provide feedback on how these inputs have been used.",Not applicable/other.
126,Does a legislative committee (or committees) hold public hearings on the macroeconomic and fiscal framework presented in the budget in which testimony from the executive branch and the public is heard?,"Yes, public hearings are held on the macroeconomic and fiscal framework in which testimony is heard from the executive branch and a wide range of constituencies.","Yes, public hearings are held on the macroeconomic and fiscal framework in which testimony is heard from the executive branch and some constituencies.","Yes, public hearings are held on the macroeconomic and fiscal framework in which testimony from the executive branch is heard, but no testimony from the public is heard.","No, public hearings are not held on the macroeconomic and fiscal framework in which testimony from the executive branch and the public is heard.",Not applicable/other.
127,"Do legislative committees hold public hearings on the individual budgets of central government administrative units (i.e., ministries, departments, and agencies) in which testimony from the executive branch is heard?","Yes, public hearings in which testimony from the executive branch is heard are held on the budgets of a wide range of administrative units.","Yes, public hearings in which testimony from the executive branch is heard are held on the budgets of the main administrative units.","Yes, public hearings in which testimony from the executive branch is heard are held on the budgets of a small number of administrative units.","No, public hearings in which testimony from the executive branch is heard are not held on the budgets of administrative units.",Not applicable/other.
128,"Do legislative committees hold public hearings on the individual budgets of central government administrative units (i.e., ministries, departments, and agencies) in which testimony from the public is heard?","Yes, public hearings in which testimony from the public is heard are held on the budgets of a wide range of administrative units.","Yes, public hearings in which testimony from the public is heard are held on the budgets of some administrative units.","Yes, public hearings in which testimony from the public is heard are held on the budgets of a small number of administrative units.","No, public hearings in which testimony from the public is heard are not held on the budgets of administrative units.",Not applicable/other.
129,Do the legislative committees that hold public hearings on the budget release reports to the public on these hearings?,"Yes, the committees release reports, which include all written and spoken testimony presented at the hearings.","Yes, the committees release reports, which include most testimony presented at the hearings.","Yes, the committees release reports, but they include only some testimony presented at the hearings.","No, the committees do not release reports, or do not hold public hearings.",Not applicable/other.
130,"Does the Supreme Audit Institution (SAI) maintain formal mechanisms through which the public can assist in formulating its audit program (by identifying the agencies, programs, or projects that should be audited)?","Yes, the SAI maintains formal mechanisms through which the public can assist in formulating its audit program, and these mechanisms are accessible and widely used by the public.","Yes, the SAI maintains formal mechanisms through which the public can assist in formulating its audit program; while these mechanisms are accessible, they are not widely used by the public.","Yes, the SAI maintains formal mechanisms through which the public can assist in formulating its audit program, but these mechanisms are not accessible.","No, the SAI does not have formal mechanisms through which the public can assist in formulating its audit program.",Not applicable/other.
131,"Does the Supreme Audit Institution (SAI) maintain formal mechanisms through which the public can participate in audit investigations (as respondents, witnesses, etc.)?","Yes, the SAI maintains formal mechanisms through which the public can participate in audit investigations, and these mechanisms are accessible and widely used by the public.","Yes, the SAI maintains formal mechanisms through which the public can participate in audit investigations; while these mechanisms are accessible, they are not widely used by the public.","Yes, the SAI maintains formal mechanisms through which the public can participate in audit investigations, but these mechanisms are not accessible.","No, the SAI does not have formal mechanisms through which the public can participate in audit investigations.",Not applicable/other.
132,Does the Supreme Audit Institution (SAI) maintain any communication with the public regarding its Audit Reports beyond simply making these reports publicly available?,"Yes, in addition to publishing Audit Reports, the SAI maintains other mechanisms of communication to make the public aware of audit findings (such as maintaining an office that regularly conducts outreach activities to publicize previously released audit findings).","No, the SAI does not maintain any formal mechanisms of communication with the public beyond publishing Audit Reports.",Not applicable/other.,,
133,"Does the Supreme Audit Institution (SAI) provide formal, detailed feedback to the public on how their inputs have been used to determine its audit program or in Audit Reports?","Yes, the SAI issues reports on the inputs it received from the public and provides detailed feedback on how these inputs have been used.","Yes, the SAI issues reports on the inputs it received from the public but provides only limited feedback on how these inputs have been used.","Yes, the SAI issues reports on the inputs it received from the public but provides no feedback on how these inputs have been used.","No, the SAI does not issue reports on the inputs it received from the public through public consultations.",Not applicable/other.
t3ar,How long after the end of the fiscal year are the final annual expenditures of national departments audited and released (except for secret programs)?,Six months or less after the end of the budget year,"12 months or less, but more than six months, after the end of the budget year","More than 12 months, but within 18 months, after the end of the budget year","Does not release to the public, or is released more than 18 months after the end of the budget year",
t3eb,When is the Enacted Budget made available to the public?,Two weeks or less after the budget has been enacted,Between two weeks and six weeks after the budget has been enacted,"More than six weeks, but less than three months, after the budget has been enacted","Does not release to the public, or is released more than three months after the budget has been enacted",
t3ebp,When is the Executive Budget Proposal made available to the public?,"At least three months in advance of the budget year, and in advance of the budget being approved by the legislature","At least two months, but less than three months, in advance of the budget year, and in advance of the budget being approved by the legislature","Less than two months in advance of the budget year, but at least in advance of the budget being approved by the legislature","Does not release to the public, or is released after the budget has been approved by the legislature",
t3iyr,When are In-Year Reports made available to the public?,"At least every month, and within one month of the period covered","At least every quarter, and within three months of the period covered","At least semi-annually, and within three months of the period covered",Does not release to the public,
t3myr,"How long after the mid-point in the fiscal year (i.e., six months into the fiscal year) is the Mid-Year Review made available to the public?",Six weeks or less after the mid-point,"Nine weeks or less, but more than six weeks, after the mid-point","More than nine weeks, but less than three months, after the mid-point","Does not release to the public, or is released more than three months after the mid-point",
t3pbs,When is the Pre-Budget Statement made available to the public?,"At least four months in advance of the budget year, and at least one month before the executive’s budget proposal is introduced in the legislature","At least two months, but less than four months, in advance of the budget year, and at least one month before the executive’s budget proposal is introduced in the legislature","Less than two months in advance of the budget year, but at least one month before the executive’s budget proposal is introduced in the legislature","Does not release to the public, or is released less than one month before the executive’s budget proposal is introduced to the legislature",
t3yer,How long after the end of the budget year is the Year-End Report made available to the public?,Six months or less after the end of the budget year,"Nine months or less, but more than six months, after the end of the budget year","More than nine months, but within 12 months, after the end of the budget year","Does not release to the public, or is released more than 12 months after the end of the budget year",
